,goal_difference_1,form_1,form_weighted_1,goal_difference_2,form_2,form_weighted_2,home_away,target,team_1_B,team_1_C,team_1_D,team_2_B,team_2_C,team_2_D
0,6,3.0,12.0,-6,0.0,0.0,1,3,0,0,0,0,0,1
1,-6,0.0,0.0,6,3.0,12.0,0,0,0,0,1,0,0,0
2,1,3.0,9.0,-1,0.0,0.0,1,3,1,0,0,0,1,0
3,-1,0.0,0.0,1,3.0,9.0,0,0,0,1,0,1,0,0
4,1,3.0,9.0,-1,0.0,0.0,1,3,1,0,0,0,1,0
5,-1,0.0,0.0,1,3.0,9.0,0,0,0,1,0,1,0,0
6,-2,0.0,0.0,2,3.0,0.0,1,0,0,0,1,0,0,0
7,2,3.0,0.0,-2,0.0,0.0,0,3,0,0,0,0,0,1
8,2,3.0,12.0,-2,0.0,0.0,1,3,0,0,0,0,0,1
9,-2,0.0,0.0,2,3.0,12.0,0,0,0,0,1,0,0,0
10,0,1.0,2.0,0,1.0,2.0,1,1,0,1,0,0,1,0
11,0,1.0,2.0,0,1.0,2.0,0,1,0,1,0,0,1,0
12,1,3.0,9.0,-1,0.0,0.0,1,3,1,0,0,0,1,0
13,-1,0.0,0.0,1,3.0,9.0,0,0,0,1,0,1,0,0
14,1,3.0,6.0,-1,0.0,0.0,1,3,0,1,0,0,1,0
15,-1,0.0,0.0,1,3.0,6.0,0,0,0,1,0,0,1,0
16,0,1.0,2.0,0,1.0,2.0,1,1,0,1,0,0,1,0
17,0,1.0,2.0,0,1.0,2.0,0,1,0,1,0,0,1,0
18,-1,0.0,0.0,6,3.0,0.0,1,0,0,1,0,0,0,0
19,6,3.0,0.0,-1,0.0,0.0,0,3,0,0,0,0,1,0
20,1,1.5,3.0,-2,0.5,1.5,1,3,0,1,0,0,0,1
21,-2,0.5,1.5,1,1.5,3.0,0,0,0,0,1,0,1,0
22,-2,0.5,1.0,3,3.0,0.5,1,0,0,1,0,0,0,0
23,3,3.0,0.5,-2,0.5,1.0,0,3,0,0,0,0,1,0
24,1,1.5,4.5,-1,1.5,2.25,1,3,1,0,0,0,1,0
25,-1,1.5,2.25,1,1.5,4.5,0,0,0,1,0,1,0,0
26,-1,1.5,3.0,0,1.5,1.5,1,3,0,1,0,0,1,0
27,0,1.5,1.5,-1,1.5,3.0,0,0,0,1,0,0,1,0
28,2,2.0,7.5,2,2.0,3.75,1,1,1,0,0,0,0,0
29,2,2.0,3.75,2,2.0,7.5,0,1,0,0,0,1,0,0
30,1,2.0,5.5,0,1.5,2.75,1,3,1,0,0,0,1,0
31,0,1.5,2.75,1,2.0,5.5,0,0,0,1,0,1,0,0
32,-7,0.0,0.0,-1,1.5,0.0,1,0,0,0,1,0,1,0
33,-1,1.5,0.0,-7,0.0,0.0,0,3,0,1,0,0,0,1
34,-1,0.5,1.0,0,1.0,0.5,1,1,0,1,0,0,1,0
35,0,1.0,0.5,-1,0.5,1.0,0,1,0,1,0,0,1,0
36,2,2.0,8.0,1,1.5,4.0,1,3,0,0,0,1,0,0
37,1,1.5,4.0,2,2.0,8.0,0,0,1,0,0,0,0,0
38,0,1.0,2.0,2,1.6666666666666667,0.6666666666666666,1,1,0,1,0,0,1,0
39,2,1.6666666666666667,0.6666666666666666,0,1.0,2.0,0,1,0,1,0,0,1,0
40,10,3.0,12.0,-4,0.3333333333333333,4.0,1,3,0,0,0,0,1,0
41,-4,0.3333333333333333,4.0,10,3.0,12.0,0,0,0,1,0,0,0,0
42,6,2.0,6.0,-7,1.0,2.0,1,3,1,0,0,0,1,0
43,-7,1.0,2.0,6,2.0,6.0,0,0,0,1,0,1,0,0
44,1,2.0,5.0,0,1.0,1.6666666666666667,1,3,0,1,0,0,1,0
45,0,1.0,1.6666666666666667,1,2.0,5.0,0,0,0,1,0,0,1,0
46,-6,0.3333333333333333,0.6666666666666666,5,2.3333333333333335,0.2222222222222222,1,0,0,0,1,0,0,0
47,5,2.3333333333333335,0.2222222222222222,-6,0.3333333333333333,0.6666666666666666,0,3,0,0,0,0,0,1
48,2,2.0,6.0,-10,0.0,0.0,1,3,1,0,0,0,0,1
49,-10,0.0,0.0,2,2.0,6.0,0,0,0,0,1,1,0,0
50,-3,1.0,2.0,1,1.3333333333333333,0.6666666666666666,1,0,0,1,0,0,1,0
51,1,1.3333333333333333,0.6666666666666666,-3,1.0,2.0,0,3,0,1,0,0,1,0
52,5,3.0,10.0,-5,0.0,0.0,1,3,0,0,0,0,0,1
53,-5,0.0,0.0,5,3.0,10.0,0,0,0,0,1,0,0,0
54,-4,0.3333333333333333,0.6666666666666666,1,2.0,0.2222222222222222,1,0,0,1,0,0,1,0
55,1,2.0,0.2222222222222222,-4,0.3333333333333333,0.6666666666666666,0,3,0,1,0,0,1,0
56,-1,1.5,3.75,-7,0.25,0.9375,1,3,0,1,0,0,0,1
57,-7,0.25,0.9375,-1,1.5,3.75,0,0,0,0,1,0,1,0
58,-7,1.0,2.0,0,1.0,0.5,1,1,0,1,0,0,1,0
59,0,1.0,0.5,-7,1.0,2.0,0,1,0,1,0,0,1,0
60,-2,1.25,4.25,10,2.25,1.0625,1,0,0,1,0,0,0,0
61,10,2.25,1.0625,-2,1.25,4.25,0,3,0,0,0,0,1,0
62,0,1.0,2.0,-3,1.0,0.5,1,1,0,1,0,0,1,0
63,-3,1.0,0.5,0,1.0,2.0,0,1,0,1,0,0,1,0
64,13,3.0,12.0,2,2.25,3.0,1,3,0,0,0,1,0,0
65,2,2.25,3.0,13,3.0,12.0,0,0,1,0,0,0,0,0
66,-7,0.0,0.0,7,2.5,0.0,1,0,0,0,1,0,0,0
67,7,2.5,0.0,-7,0.0,0.0,0,3,0,0,0,0,0,1
68,5,2.0,6.5,2,1.75,1.625,1,1,1,0,0,0,1,0
69,2,1.75,1.625,5,2.0,6.5,0,1,0,1,0,1,0,0
70,-11,0.0,0.0,2,1.75,0.0,1,0,0,0,1,0,1,0
71,2,1.75,0.0,-11,0.0,0.0,0,3,0,1,0,0,0,1
72,10,2.25,7.5,-1,1.5,1.875,1,3,0,0,0,0,1,0
73,-1,1.5,1.875,10,2.25,7.5,0,0,0,1,0,0,0,0
74,4,2.0,5.8,-8,0.2,1.16,1,3,1,0,0,0,0,1
75,-8,0.2,1.16,4,2.0,5.8,0,0,0,0,1,1,0,0
76,3,2.0,5.4,2,2.0,1.08,1,1,1,0,0,1,0,0
77,2,2.0,1.08,3,2.0,5.4,0,1,1,0,0,1,0,0
78,-2,1.4,2.8,-8,0.8,0.5599999999999999,1,3,0,1,0,0,1,0
79,-8,0.8,0.5599999999999999,-2,1.4,2.8,0,0,0,1,0,0,1,0
80,1,1.4,2.8,1,1.4,0.5599999999999999,1,0,0,1,0,0,1,0
81,1,1.4,0.5599999999999999,1,1.4,2.8,0,3,0,1,0,0,1,0
82,-8,0.2,0.4,14,3.0,0.08,1,0,0,0,1,0,0,0
83,14,3.0,0.08,-8,0.2,0.4,0,3,0,0,0,0,0,1
84,-10,0.6,1.2,-3,1.0,0.24,1,3,0,1,0,0,1,0
85,-3,1.0,0.24,-10,0.6,1.2,0,0,0,1,0,0,1,0
86,1,1.4,2.8,-8,0.0,0.0,1,3,0,1,0,0,0,1
87,-8,0.0,0.0,1,1.4,2.8,0,0,0,0,1,0,1,0
88,7,2.2,8.2,5,1.8,1.64,1,1,0,0,0,0,1,0
89,5,1.8,1.64,7,2.2,8.2,0,1,0,1,0,0,0,0
90,5,1.8,5.6,-2,1.4,1.1199999999999999,1,3,0,1,0,0,1,0
91,-2,1.4,1.1199999999999999,5,1.8,5.6,0,0,0,1,0,0,1,0
92,14,2.6,10.4,7,1.8,2.08,1,1,0,0,0,1,0,0
93,7,1.8,2.08,14,2.6,10.4,0,1,1,0,0,0,0,0
94,-9,0.0,0.0,2,1.8,0.0,1,0,0,0,1,0,1,0
95,2,1.8,0.0,-9,0.0,0.0,0,3,0,1,0,0,0,1
96,4,2.0,7.8,-10,0.0,0.0,1,3,0,0,0,0,0,1
97,-10,0.0,0.0,4,2.0,7.8,0,0,0,0,1,0,0,0
98,-2,1.8,4.2,2,1.4,0.8400000000000001,1,3,0,1,0,0,1,0
99,2,1.4,0.8400000000000001,-2,1.8,4.2,0,0,0,1,0,0,1,0
100,-8,1.0,2.0,-10,0.8,0.4,1,1,0,1,0,0,1,0
101,-10,0.8,0.4,-8,1.0,2.0,0,1,0,1,0,0,1,0
102,3,2.0,4.6,10,1.8,0.9199999999999999,1,3,1,0,0,0,0,0
103,10,1.8,0.9199999999999999,3,2.0,4.6,0,0,0,0,0,1,0,0
104,-3,0.6,1.4,1,1.6,0.27999999999999997,1,1,0,1,0,0,1,0
105,1,1.6,0.27999999999999997,-3,0.6,1.4,0,1,0,1,0,0,1,0
106,-4,0.6,0.6,0,1.4,0.12,1,3,0,0,1,0,1,0
107,0,1.4,0.12,-4,0.6,0.6,0,0,0,1,0,0,0,1
108,10,1.8,6.6,4,2.0,1.3199999999999998,1,1,0,0,0,0,0,0
109,4,2.0,1.3199999999999998,10,1.8,6.6,0,1,0,0,0,0,0,0
110,3,2.2,5.0,-3,1.2,1.0,1,3,1,0,0,0,1,0
111,-3,1.2,1.0,3,2.2,5.0,0,0,0,1,0,1,0,0
112,0,1.6,4.4,-10,0.2,0.8800000000000001,1,1,0,1,0,0,0,1
113,-10,0.2,0.8800000000000001,0,1.6,4.4,0,1,0,0,1,0,1,0
114,2,1.6,4.0,14,2.2,0.8,1,1,0,1,0,0,0,0
115,14,2.2,0.8,2,1.6,4.0,0,1,0,0,0,0,1,0
116,-3,1.0,2.0,-4,0.8,0.4,1,1,0,1,0,0,0,1
117,-4,0.8,0.4,-3,1.0,2.0,0,1,0,0,1,0,1,0
118,8,2.2,8.0,-10,0.0,0.0,1,3,0,0,0,0,0,1
119,-10,0.0,0.0,8,2.2,8.0,0,0,0,0,1,0,0,0
120,-9,1.4,2.8,2,1.4,0.5599999999999999,1,3,0,1,0,0,1,0
121,2,1.4,0.5599999999999999,-9,1.4,2.8,0,0,0,1,0,0,1,0
122,2,2.0,4.0,-9,0.4,0.8,1,3,0,1,0,0,1,0
123,-9,0.4,0.8,2,2.0,4.0,0,0,0,1,0,0,1,0
124,-4,0.4,0.8,7,2.2,0.16,1,0,0,1,0,0,0,0
125,7,2.2,0.16,-4,0.4,0.8,0,3,0,0,0,0,1,0
126,-10,0.2,0.2,2,1.6,0.04,1,0,0,0,1,0,1,0
127,2,1.6,0.04,-10,0.2,0.2,0,3,0,1,0,0,0,1
128,-1,1.4,3.4,6,2.6,0.6799999999999999,1,0,0,1,0,1,0,0
129,6,2.6,0.6799999999999999,-1,1.4,3.4,0,3,1,0,0,0,1,0
130,-10,0.2,0.2,10,1.6,0.04,1,1,0,0,1,1,0,0
131,10,1.6,0.04,-10,0.2,0.2,0,1,1,0,0,0,0,1
132,5,1.6,6.0,7,1.6,1.2,1,3,0,0,0,1,0,0
133,7,1.6,1.2,5,1.6,6.0,0,0,1,0,0,0,0,0
134,-2,1.8,3.6,-4,1.0,0.72,1,3,0,1,0,0,1,0
135,-4,1.0,0.72,-2,1.8,3.6,0,0,0,1,0,0,1,0
136,-7,1.0,2.0,-6,0.2,0.4,1,3,0,1,0,0,0,1
137,-6,0.2,0.4,-7,1.0,2.0,0,0,0,0,1,0,1,0
138,16,2.2,8.8,-2,1.0,1.7600000000000002,1,3,0,0,0,0,1,0
139,-2,1.0,1.7600000000000002,16,2.2,8.8,0,0,0,1,0,0,0,0
140,9,2.2,7.6,-11,1.4,1.52,1,3,0,0,0,0,1,0
141,-11,1.4,1.52,9,2.2,7.6,0,0,0,1,0,0,0,0
142,-1,1.4,2.0,-1,1.4,0.4,1,3,0,1,0,0,1,0
143,-1,1.4,0.4,-1,1.4,2.0,0,0,0,1,0,0,1,0
144,-2,1.0,2.6,5,1.6,0.52,1,1,0,1,0,0,1,0
145,5,1.6,0.52,-2,1.0,2.6,0,1,0,1,0,0,1,0
146,-6,0.8,1.6,18,2.2,0.32,1,0,0,1,0,0,0,0
147,18,2.2,0.32,-6,0.8,1.6,0,3,0,0,0,0,1,0
148,1,1.4,2.8,-12,0.2,0.5599999999999999,1,3,0,1,0,0,0,1
149,-12,0.2,0.5599999999999999,1,1.4,2.8,0,0,0,0,1,0,1,0
150,-9,0.8,1.6,11,2.6,0.32,1,0,0,1,0,0,0,0
151,11,2.6,0.32,-9,0.8,1.6,0,3,0,0,0,0,1,0
152,-7,0.2,0.4,0,1.8,0.08,1,0,0,0,1,0,1,0
153,0,1.8,0.08,-7,0.2,0.4,0,3,0,1,0,0,0,1
154,-13,1.4,2.8,0,1.8,0.5599999999999999,1,0,0,1,0,0,1,0
155,0,1.8,0.5599999999999999,-13,1.4,2.8,0,3,0,1,0,0,1,0
156,10,1.2,4.2,-1,1.6,0.8400000000000001,1,1,1,0,0,0,1,0
157,-1,1.6,0.8400000000000001,10,1.2,4.2,0,1,0,1,0,1,0,0
158,7,3.0,8.4,4,1.6,1.6800000000000002,1,3,0,0,0,1,0,0
159,4,1.6,1.6800000000000002,7,3.0,8.4,0,0,1,0,0,0,0,0
160,10,1.6,5.6,-16,0.2,1.1199999999999999,1,3,1,0,0,0,0,1
161,-16,0.2,1.1199999999999999,10,1.6,5.6,0,0,0,0,1,1,0,0
162,4,1.6,6.0,-2,1.0,1.2,1,3,1,0,0,0,1,0
163,-2,1.0,1.2,4,1.6,6.0,0,0,0,1,0,1,0,0
164,1,1.8,4.2,-10,0.8,0.8400000000000001,1,3,0,1,0,0,1,0
165,-10,0.8,0.8400000000000001,1,1.8,4.2,0,0,0,1,0,0,1,0
166,18,1.8,7.2,7,2.6,1.44,1,1,0,0,0,0,0,0
167,7,2.6,1.44,18,1.8,7.2,0,1,0,0,0,0,0,0
168,-14,0.2,0.2,-4,0.8,0.04,1,0,0,0,1,0,1,0
169,-4,0.8,0.04,-14,0.2,0.2,0,3,0,1,0,0,0,1
170,-19,0.2,0.2,13,1.2,0.04,1,0,0,0,1,1,0,0
171,13,1.2,0.04,-19,0.2,0.2,0,3,1,0,0,0,0,1
172,-3,1.8,3.6,-4,0.8,0.72,1,0,0,1,0,0,1,0
173,-4,0.8,0.72,-3,1.8,3.6,0,3,0,1,0,0,1,0
174,6,1.6,3.2,9,1.4,0.64,1,3,0,1,0,1,0,0
175,9,1.4,0.64,6,1.6,3.2,0,0,1,0,0,0,1,0
176,13,3.0,11.4,-1,1.4,2.2800000000000002,1,3,0,0,0,0,1,0
177,-1,1.4,2.2800000000000002,13,3.0,11.4,0,0,0,1,0,0,0,0
178,1,2.2,3.6,-15,0.8,0.72,1,3,0,1,0,0,0,1
179,-15,0.8,0.72,1,2.2,3.6,0,0,0,0,1,0,1,0
180,1,1.8,4.2,13,3.0,0.8400000000000001,1,0,0,1,0,0,0,0
181,13,3.0,0.8400000000000001,1,1.8,4.2,0,3,0,0,0,0,1,0
182,-6,0.4,0.8,10,1.8,0.16,1,0,0,1,0,1,0,0
183,10,1.8,0.16,-6,0.4,0.8,0,3,1,0,0,0,1,0
184,-4,1.0,2.0,7,1.6,0.4,1,1,0,1,0,0,1,0
185,7,1.6,0.4,-4,1.0,2.0,0,1,0,1,0,0,1,0
186,1,1.8,3.6,-5,1.2,0.72,1,3,0,1,0,0,1,0
187,-5,1.2,0.72,1,1.8,3.6,0,0,0,1,0,0,1,0
188,-11,0.6,1.2,-13,0.8,0.24,1,0,0,1,0,0,0,1
189,-13,0.8,0.24,-11,0.6,1.2,0,3,0,0,1,0,1,0
190,-5,0.6,1.2,2,2.2,0.24,1,0,0,1,0,0,1,0
191,2,2.2,0.24,-5,0.6,1.2,0,3,0,1,0,0,1,0
192,14,1.8,6.0,17,1.6,1.2,1,3,0,0,0,0,0,0
193,17,1.6,1.2,14,1.8,6.0,0,0,0,0,0,0,0,0
194,7,2.2,7.4,-19,0.4,1.48,1,1,1,0,0,0,0,1
195,-19,0.4,1.48,7,2.2,7.4,0,1,0,0,1,1,0,0
196,-16,0.6,1.2,7,2.2,0.24,1,0,0,0,1,1,0,0
197,7,2.2,0.24,-16,0.6,1.2,0,3,1,0,0,0,0,1
198,-5,1.2,2.4,14,3.0,0.48,1,0,0,1,0,0,0,0
199,14,3.0,0.48,-5,1.2,2.4,0,3,0,0,0,0,1,0
200,-6,0.4,0.8,7,1.8,0.16,1,1,0,1,0,1,0,0
201,7,1.8,0.16,-6,0.4,0.8,0,1,1,0,0,0,1,0
202,8,2.6,7.0,13,1.6,1.4,1,3,0,0,0,0,1,0
203,13,1.6,1.4,8,2.6,7.0,0,0,0,1,0,0,0,0
204,-13,1.0,1.0,-5,0.8,0.2,1,1,0,0,1,0,1,0
205,-5,0.8,0.2,-13,1.0,1.0,0,1,0,1,0,0,0,1
206,10,1.4,4.2,-4,1.0,0.8400000000000001,1,1,1,0,0,0,1,0
207,-4,1.0,0.8400000000000001,10,1.4,4.2,0,1,0,1,0,1,0,0
208,-19,0.4,0.4,-16,0.2,0.08,1,1,0,0,1,0,0,1
209,-16,0.2,0.08,-19,0.4,0.4,0,1,0,0,1,0,0,1
210,18,2.0,8.0,-1,1.2,1.6,1,3,0,0,0,0,1,0
211,-1,1.2,1.6,18,2.0,8.0,0,0,0,1,0,0,0,0
212,4,2.6,5.2,-13,0.6,1.04,1,3,0,1,0,0,1,0
213,-13,0.6,1.04,4,2.6,5.2,0,0,0,1,0,0,1,0
214,8,2.0,6.4,0,1.2,1.28,1,3,1,0,0,0,1,0
215,0,1.2,1.28,8,2.0,6.4,0,0,0,1,0,1,0,0
216,0,1.2,2.4,18,2.0,0.48,1,0,0,1,0,0,0,0
217,18,2.0,0.48,0,1.2,2.4,0,3,0,0,0,0,1,0
218,11,1.8,6.2,6,1.4,1.24,1,3,1,0,0,0,1,0
219,6,1.4,1.24,11,1.8,6.2,0,0,0,1,0,1,0,0
220,-1,1.4,2.8,-8,0.8,0.5599999999999999,1,1,0,1,0,0,1,0
221,-8,0.8,0.5599999999999999,-1,1.4,2.8,0,1,0,1,0,0,1,0
222,16,2.0,6.6,-9,0.4,1.3199999999999998,1,3,1,0,0,0,1,0
223,-9,0.4,1.3199999999999998,16,2.0,6.6,0,0,0,1,0,1,0,0
224,-6,0.8,1.6,9,2.0,0.32,1,0,0,1,0,0,0,0
225,9,2.0,0.32,-6,0.8,1.6,0,3,0,0,0,0,1,0
226,-15,0.8,1.4,-14,0.8,0.27999999999999997,1,3,0,1,0,0,0,1
227,-14,0.8,0.27999999999999997,-15,0.8,1.4,0,0,0,0,1,0,1,0
228,18,3.0,12.0,3,2.0,2.4,1,3,0,0,0,0,1,0
229,3,2.0,2.4,18,3.0,12.0,0,0,0,1,0,0,0,0
230,-15,0.0,0.0,-17,1.0,0.0,1,0,0,0,1,0,0,1
231,-17,1.0,0.0,-15,0.0,0.0,0,3,0,0,1,0,0,1
232,-4,1.2,2.4,8,2.2,0.48,1,1,0,1,0,1,0,0
233,8,2.2,0.48,-4,1.2,2.4,0,1,1,0,0,0,1,0
234,8,2.2,6.4,11,1.8,1.28,1,1,1,0,0,1,0,0
235,11,1.8,1.28,8,2.2,6.4,0,1,1,0,0,1,0,0
236,25,2.0,8.0,-11,0.8,1.6,1,3,0,0,0,0,1,0
237,-11,0.8,1.6,25,2.0,8.0,0,0,0,1,0,0,0,0
238,-13,1.4,1.4,17,2.4,0.27999999999999997,1,3,0,0,1,0,0,0
239,17,2.4,0.27999999999999997,-13,1.4,1.4,0,0,0,0,0,0,0,1
240,6,1.0,2.8,16,2.0,0.5599999999999999,1,1,0,1,0,1,0,0
241,16,2.0,0.5599999999999999,6,1.0,2.8,0,1,1,0,0,0,1,0
242,-16,1.6,1.6,-5,1.2,0.32,1,3,0,0,1,0,1,0
243,-5,1.2,0.32,-16,1.6,1.6,0,0,0,1,0,0,0,1
244,-7,0.8,1.6,-16,0.0,0.0,1,3,0,1,0,0,0,1
245,-16,0.0,0.0,-7,0.8,1.6,0,0,0,0,1,0,1,0
246,8,2.0,6.4,-14,1.4,1.28,1,0,0,0,0,0,1,0
247,-14,1.4,1.28,8,2.0,6.4,0,3,0,1,0,0,0,0
248,-8,0.8,1.6,-3,0.6,0.32,1,3,0,1,0,0,1,0
249,-3,0.6,0.32,-8,0.8,1.6,0,0,0,1,0,0,1,0
250,2,1.8,3.6,0,1.4,0.72,1,0,0,1,0,0,1,0
251,0,1.4,0.72,2,1.8,3.6,0,3,0,1,0,0,1,0
252,11,1.4,4.4,16,2.0,0.8800000000000001,1,1,1,0,0,1,0,0
253,16,2.0,0.8800000000000001,11,1.4,4.4,0,1,1,0,0,1,0,0
254,-4,1.2,2.4,-9,0.8,0.48,1,3,0,1,0,0,1,0
255,-9,0.8,0.48,-4,1.2,2.4,0,0,0,1,0,0,1,0
256,2,1.4,2.8,-7,1.0,0.5599999999999999,1,1,0,1,0,0,1,0
257,-7,1.0,0.5599999999999999,2,1.4,2.8,0,1,0,1,0,0,1,0
258,-1,1.2,2.4,-18,1.6,0.48,1,3,0,1,0,0,0,1
259,-18,1.6,0.48,-1,1.2,2.4,0,0,0,0,1,0,1,0
260,19,2.4,9.6,6,1.4,1.92,1,3,0,0,0,1,0,0
261,6,1.4,1.92,19,2.4,9.6,0,0,1,0,0,0,0,0
262,-14,1.6,3.0,6,1.2,0.6,1,1,0,1,0,0,1,0
263,6,1.2,0.6,-14,1.6,3.0,0,1,0,1,0,0,1,0
264,-10,0.8,1.6,7,1.6,0.32,1,3,0,1,0,1,0,0
265,7,1.6,0.32,-10,0.8,1.6,0,0,1,0,0,0,1,0
266,-17,0.0,0.0,26,2.4,0.0,1,0,0,0,1,0,0,0
267,26,2.4,0.0,-17,0.0,0.0,0,3,0,0,0,0,0,1
268,-1,0.8,1.6,-12,2.0,0.32,1,0,0,1,0,0,0,1
269,-12,2.0,0.32,-1,0.8,1.6,0,3,0,0,1,0,1,0
270,16,1.6,5.4,-4,1.2,1.08,1,1,1,0,0,0,1,0
271,-4,1.2,1.08,16,1.6,5.4,0,1,0,1,0,1,0,0
272,-10,0.8,1.6,-9,1.4,0.32,1,0,0,1,0,0,1,0
273,-9,1.4,0.32,-10,0.8,1.6,0,3,0,1,0,0,1,0
274,10,1.6,5.4,-4,0.6,1.08,1,3,1,0,0,0,1,0
275,-4,0.6,1.08,10,1.6,5.4,0,0,0,1,0,1,0,0
276,-17,2.0,2.0,1,0.8,0.4,1,3,0,0,1,0,1,0
277,1,0.8,0.4,-17,2.0,2.0,0,0,0,1,0,0,0,1
278,11,1.4,4.4,-14,1.8,0.8800000000000001,1,1,1,0,0,0,1,0
279,-14,1.8,0.8800000000000001,11,1.4,4.4,0,1,0,1,0,1,0,0
280,29,3.0,12.0,16,1.8,2.4,1,3,0,0,0,0,0,0
281,16,1.8,2.4,29,3.0,12.0,0,0,0,0,0,0,0,0
282,-13,1.4,1.4,-6,1.6,0.27999999999999997,1,0,0,0,1,0,1,0
283,-6,1.6,0.27999999999999997,-13,1.4,1.4,0,3,0,1,0,0,0,1
284,6,0.8,1.8,-1,1.0,0.36,1,1,0,1,0,0,1,0
285,-1,1.0,0.36,6,0.8,1.8,0,1,0,1,0,0,1,0
286,8,1.8,6.6,-19,0.0,0.0,1,3,0,0,0,0,0,1
287,-19,0.0,0.0,8,1.8,6.6,0,0,0,0,1,0,0,0
288,-6,1.6,3.2,29,3.0,0.64,1,0,0,1,0,0,0,0
289,29,3.0,0.64,-6,1.6,3.2,0,3,0,0,0,0,1,0
290,-6,1.0,2.0,13,1.8,0.4,1,0,0,1,0,0,0,0
291,13,1.8,0.4,-6,1.0,2.0,0,3,0,0,0,0,1,0
292,2,0.8,1.6,-14,1.2,0.32,1,3,0,1,0,0,0,1
293,-14,1.2,0.32,2,0.8,1.6,0,0,0,0,1,0,1,0
294,-19,0.2,0.2,-10,0.8,0.04,1,1,0,0,1,0,1,0
295,-10,0.8,0.04,-19,0.2,0.2,0,1,0,1,0,0,0,1
296,-8,1.8,3.6,-18,1.8,0.72,1,3,0,1,0,0,0,1
297,-18,1.8,0.72,-8,1.8,3.6,0,0,0,0,1,0,1,0
298,-15,1.6,3.2,17,1.8,0.64,1,0,0,1,0,1,0,0
299,17,1.8,0.64,-15,1.6,3.2,0,3,1,0,0,0,1,0
300,19,1.8,7.2,7,1.0,1.44,1,3,0,0,0,1,0,0
301,7,1.0,1.44,19,1.8,7.2,0,0,1,0,0,0,0,0
302,1,1.6,3.2,6,1.2,0.64,1,3,0,1,0,1,0,0
303,6,1.2,0.64,1,1.6,3.2,0,0,1,0,0,0,1,0
304,-4,0.8,1.6,6,0.8,0.32,1,1,0,1,0,0,1,0
305,6,0.8,0.32,-4,0.8,1.6,0,1,0,1,0,0,1,0
306,2,0.8,1.6,7,1.0,0.32,1,0,0,1,0,1,0,0
307,7,1.0,0.32,2,0.8,1.6,0,3,1,0,0,0,1,0
308,-12,1.8,1.8,-20,1.2,0.36,1,3,0,0,1,0,0,1
309,-20,1.2,0.36,-12,1.8,1.8,0,0,0,0,1,0,0,1
310,20,1.8,7.2,12,1.2,1.44,1,3,0,0,0,1,0,0
311,12,1.2,1.44,20,1.8,7.2,0,0,1,0,0,0,0,0
312,-24,0.2,0.2,11,1.4,0.04,1,0,0,0,1,0,1,0
313,11,1.4,0.04,-24,0.2,0.2,0,3,0,1,0,0,0,1
314,-9,1.8,3.6,-5,1.4,0.72,1,0,0,1,0,0,1,0
315,-5,1.4,0.72,-9,1.8,3.6,0,3,0,1,0,0,1,0
316,-16,1.0,2.0,31,3.0,0.4,1,0,0,1,0,0,0,0
317,31,3.0,0.4,-16,1.0,2.0,0,3,0,0,0,0,1,0
318,0,1.4,2.8,-9,1.4,0.5599999999999999,1,0,0,1,0,0,1,0
319,-9,1.4,0.5599999999999999,0,1.4,2.8,0,3,0,1,0,0,1,0
320,-6,2.0,4.0,5,0.6,0.8,1,3,0,1,0,1,0,0
321,5,0.6,0.8,-6,2.0,4.0,0,0,1,0,0,0,1,0
322,-4,1.0,2.0,17,1.4,0.4,1,1,0,1,0,1,0,0
323,17,1.4,0.4,-4,1.0,2.0,0,1,1,0,0,0,1,0
324,-20,1.2,1.2,0,1.4,0.24,1,3,0,0,1,0,1,0
325,0,1.4,0.24,-20,1.2,1.2,0,0,0,1,0,0,0,1
326,16,1.6,5.6,-8,1.0,1.1199999999999999,1,3,1,0,0,0,1,0
327,-8,1.0,1.1199999999999999,16,1.6,5.6,0,0,0,1,0,1,0,0
328,31,2.6,10.4,1,1.0,2.08,1,1,0,0,0,0,1,0
329,1,1.0,2.08,31,2.6,10.4,0,1,0,1,0,0,0,0
330,-6,1.4,2.8,-9,1.4,0.5599999999999999,1,3,0,1,0,0,1,0
331,-9,1.4,0.5599999999999999,-6,1.4,2.8,0,0,0,1,0,0,1,0
332,12,1.8,3.6,-10,1.8,0.72,1,3,0,1,0,0,1,0
333,-10,1.8,0.72,12,1.8,3.6,0,0,0,1,0,0,1,0
334,6,1.2,4.2,-13,1.2,0.8400000000000001,1,3,1,0,0,0,0,1
335,-13,1.2,0.8400000000000001,6,1.2,4.2,0,0,0,0,1,1,0,0
336,18,1.8,5.4,19,1.8,1.08,1,3,1,0,0,0,0,0
337,19,1.8,1.08,18,1.8,5.4,0,0,0,0,0,1,0,0
338,-4,2.0,4.0,-17,0.4,0.8,1,3,0,1,0,0,1,0
339,-17,0.4,0.8,-4,2.0,4.0,0,0,0,1,0,0,1,0
340,10,1.8,6.6,-26,0.2,1.3199999999999998,1,3,0,0,0,0,0,1
341,-26,0.2,1.3199999999999998,10,1.8,6.6,0,0,0,0,1,0,0,0
342,-8,1.0,2.0,-4,2.0,0.4,1,3,0,1,0,0,1,0
343,-4,2.0,0.4,-8,1.0,2.0,0,0,0,1,0,0,1,0
344,2,1.4,2.8,7,1.8,0.5599999999999999,1,3,0,1,0,0,0,0
345,7,1.8,0.5599999999999999,2,1.4,2.8,0,0,0,0,0,0,1,0
346,-15,0.6,0.6,33,2.6,0.12,1,0,0,0,1,0,0,0
347,33,2.6,0.12,-15,0.6,0.6,0,3,0,0,0,0,0,1
348,16,1.2,4.8,-16,1.8,0.96,1,0,0,0,0,0,1,0
349,-16,1.8,0.96,16,1.2,4.8,0,3,0,1,0,0,0,0
350,-25,0.8,0.8,17,1.6,0.16,1,3,0,0,1,1,0,0
351,17,1.6,0.16,-25,0.8,0.8,0,0,1,0,0,0,0,1
352,-18,0.2,0.4,-5,2.0,0.08,1,0,0,0,1,0,1,0
353,-5,2.0,0.08,-18,0.2,0.4,0,3,0,1,0,0,0,1
354,3,1.4,2.8,4,1.2,0.5599999999999999,1,3,0,1,0,1,0,0
355,4,1.2,0.5599999999999999,3,1.4,2.8,0,0,1,0,0,0,1,0
356,-9,1.8,3.6,15,1.4,0.72,1,3,0,1,0,1,0,0
357,15,1.4,0.72,-9,1.8,3.6,0,0,1,0,0,0,1,0
358,-8,1.8,3.6,11,1.6,0.72,1,3,0,1,0,0,1,0
359,11,1.6,0.72,-8,1.8,3.6,0,0,0,1,0,0,1,0
360,-6,1.4,2.8,2,1.4,0.5599999999999999,1,0,0,1,0,0,1,0
361,2,1.4,0.5599999999999999,-6,1.4,2.8,0,3,0,1,0,0,1,0
362,17,1.8,6.0,-27,0.8,1.2,1,3,1,0,0,0,0,1
363,-27,0.8,1.2,17,1.8,6.0,0,0,0,0,1,1,0,0
364,20,2.0,6.6,-12,1.2,1.3199999999999998,1,3,0,0,0,0,1,0
365,-12,1.2,1.3199999999999998,20,2.0,6.6,0,0,0,1,0,0,0,0
366,5,1.2,4.8,-13,1.2,0.96,1,0,1,0,0,0,0,1
367,-13,1.2,0.96,5,1.2,4.8,0,3,0,0,1,1,0,0
368,-8,1.0,2.0,-16,0.6,0.4,1,0,0,1,0,0,0,1
369,-16,0.6,0.4,-8,1.0,2.0,0,3,0,0,1,0,1,0
370,4,0.8,2.4,33,2.2,0.48,1,1,1,0,0,0,0,0
371,33,2.2,0.48,4,0.8,2.4,0,1,0,0,0,1,0,0
372,-16,1.4,2.2,-8,1.4,0.44000000000000006,1,1,0,1,0,0,1,0
373,-8,1.4,0.44000000000000006,-16,1.4,2.2,0,1,0,1,0,0,1,0
374,-6,2.0,4.0,17,1.8,0.8,1,0,0,1,0,0,0,0
375,17,1.8,0.8,-6,2.0,4.0,0,3,0,0,0,0,1,0
376,11,1.6,3.2,3,1.6,0.64,1,1,0,1,0,0,1,0
377,3,1.6,0.64,11,1.6,3.2,0,1,0,1,0,0,1,0
378,-12,1.2,2.4,-16,0.6,0.48,1,0,0,1,0,0,0,1
379,-16,0.6,0.48,-12,1.2,2.4,0,3,0,0,1,0,1,0
380,2,1.2,2.4,-6,1.4,0.48,1,0,0,1,0,0,1,0
381,-6,1.4,0.48,2,1.2,2.4,0,3,0,1,0,0,1,0
382,41,2.2,8.8,-24,1.4,1.7600000000000002,1,3,0,0,0,0,0,1
383,-24,1.4,1.7600000000000002,41,2.2,8.8,0,0,0,0,1,0,0,0
384,19,1.8,7.2,9,1.4,1.44,1,3,0,0,0,0,1,0
385,9,1.4,1.44,19,1.8,7.2,0,0,0,1,0,0,0,0
386,-11,1.4,2.8,23,2.0,0.5599999999999999,1,0,0,1,0,0,0,0
387,23,2.0,0.5599999999999999,-11,1.4,2.8,0,3,0,0,0,0,1,0
388,-28,0.6,0.6,-7,1.8,0.12,1,0,0,0,1,0,1,0
389,-7,1.8,0.12,-28,0.6,0.6,0,3,0,1,0,0,0,1
390,6,1.4,4.2,3,1.2,0.8400000000000001,1,3,1,0,0,1,0,0
391,3,1.2,0.8400000000000001,6,1.4,4.2,0,0,1,0,0,1,0,0
392,-15,1.2,1.2,-4,2.4,0.24,1,0,0,0,1,0,1,0
393,-4,2.4,0.24,-15,1.2,1.2,0,3,0,1,0,0,0,1
394,3,1.2,2.4,17,1.4,0.48,1,1,0,1,0,1,0,0
395,17,1.4,0.48,3,1.2,2.4,0,1,1,0,0,0,1,0
396,-7,1.8,3.6,19,1.8,0.72,1,1,0,1,0,0,0,0
397,19,1.8,0.72,-7,1.8,3.6,0,1,0,0,0,0,1,0
398,20,2.0,6.0,-18,0.6,1.2,1,3,1,0,0,0,0,1
399,-18,0.6,1.2,20,2.0,6.0,0,0,0,0,1,1,0,0
400,27,2.4,9.0,-2,1.2,1.8,1,3,0,0,0,0,1,0
401,-2,1.2,1.8,27,2.4,9.0,0,0,0,1,0,0,0,0
402,6,0.8,1.6,44,2.2,0.32,1,0,0,1,0,0,0,0
403,44,2.2,0.32,6,0.8,1.6,0,3,0,0,0,0,1,0
404,-6,1.4,2.8,-13,0.8,0.5599999999999999,1,1,0,1,0,0,1,0
405,-13,0.8,0.5599999999999999,-6,1.4,2.8,0,1,0,1,0,0,1,0
406,-13,1.8,3.0,-30,0.6,0.6,1,3,0,1,0,0,0,1
407,-30,0.6,0.6,-13,1.8,3.0,0,0,0,0,1,0,1,0
408,-2,2.4,4.8,1,1.2,0.96,1,3,0,1,0,0,1,0
409,1,1.2,0.96,-2,2.4,4.8,0,0,0,1,0,0,1,0
410,2,0.6,2.4,-10,1.4,0.48,1,0,1,0,0,0,1,0
411,-10,1.4,0.48,2,0.6,2.4,0,3,0,1,0,1,0,0
412,-23,2.0,2.8,5,1.4,0.5599999999999999,1,3,0,0,1,1,0,0
413,5,1.4,0.5599999999999999,-23,2.0,2.8,0,0,1,0,0,0,0,1
414,-2,1.2,2.4,-13,1.8,0.48,1,1,0,1,0,0,1,0
415,-13,1.8,0.48,-2,1.2,2.4,0,1,0,1,0,0,1,0
416,47,2.6,10.4,-1,0.0,0.0,1,3,0,0,0,1,0,0
417,-1,0.0,0.0,47,2.6,10.4,0,0,1,0,0,0,0,0
418,6,1.4,4.2,26,1.8,0.8400000000000001,1,3,1,0,0,0,0,0
419,26,1.8,0.8400000000000001,6,1.4,4.2,0,0,0,0,0,1,0,0
420,18,1.4,5.6,-12,1.4,1.1199999999999999,1,0,0,0,0,0,1,0
421,-12,1.4,1.1199999999999999,18,1.4,5.6,0,3,0,1,0,0,0,0
422,-10,1.6,3.2,20,1.6,0.64,1,1,0,1,0,1,0,0
423,20,1.6,0.64,-10,1.6,3.2,0,1,1,0,0,0,1,0
424,-29,1.2,1.2,-7,1.4,0.24,1,3,0,0,1,0,1,0
425,-7,1.4,0.24,-29,1.2,1.2,0,0,0,1,0,0,0,1
426,-18,0.8,0.8,6,0.4,0.16,1,1,0,0,1,0,1,0
427,6,0.4,0.16,-18,0.8,0.8,0,1,0,1,0,0,0,1
428,4,1.6,3.2,-10,0.8,0.64,1,3,0,1,0,0,1,0
429,-10,0.8,0.64,4,1.6,3.2,0,0,0,1,0,0,1,0
430,-22,2.0,2.8,-3,1.8,0.5599999999999999,1,3,0,0,1,0,1,0
431,-3,1.8,0.5599999999999999,-22,2.0,2.8,0,0,0,1,0,0,0,1
432,26,1.8,7.2,-18,0.8,1.44,1,3,0,0,0,0,0,1
433,-18,0.8,1.44,26,1.8,7.2,0,0,0,0,1,0,0,0
434,21,2.2,6.6,-3,0.8,1.3199999999999998,1,3,1,0,0,0,1,0
435,-3,0.8,1.3199999999999998,21,2.2,6.6,0,0,0,1,0,1,0,0
436,-10,1.0,2.0,-10,1.2,0.4,1,1,0,1,0,0,1,0
437,-10,1.2,0.4,-10,1.0,2.0,0,1,0,1,0,0,1,0
438,8,1.0,2.6,4,1.4,0.52,1,3,1,0,0,1,0,0
439,4,1.4,0.52,8,1.0,2.6,0,0,1,0,0,1,0,0
440,-11,1.4,2.8,-30,0.6,0.5599999999999999,1,3,0,1,0,0,0,1
441,-30,0.6,0.5599999999999999,-11,1.4,2.8,0,0,0,0,1,0,1,0
442,-10,2.6,4.6,15,1.4,0.9199999999999999,1,3,0,1,0,0,0,0
443,15,1.4,0.9199999999999999,-10,2.6,4.6,0,0,0,0,0,0,1,0
444,-1,0.2,0.4,-22,1.6,0.08,1,1,0,1,0,0,0,1
445,-22,1.6,0.08,-1,0.2,0.4,0,1,0,0,1,0,1,0
446,-8,0.8,1.6,5,1.6,0.32,1,0,0,1,0,0,1,0
447,5,1.6,0.32,-8,0.8,1.6,0,3,0,1,0,0,1,0
448,-4,1.2,2.4,48,2.6,0.48,1,0,0,1,0,0,0,0
449,48,2.6,0.48,-4,1.2,2.4,0,3,0,0,0,0,1,0
450,4,1.4,4.2,21,2.2,0.8400000000000001,1,0,1,0,0,1,0,0
451,21,2.2,0.8400000000000001,4,1.4,4.2,0,3,1,0,0,1,0,0
452,54,3.0,12.0,-16,1.0,2.4,1,3,0,0,0,0,0,1
453,-16,1.0,2.4,54,3.0,12.0,0,0,0,0,1,0,0,0
454,5,1.6,3.2,27,2.0,0.64,1,1,0,1,0,1,0,0
455,27,2.0,0.64,5,1.6,3.2,0,1,1,0,0,0,1,0
456,-21,2.0,2.6,7,0.8,0.52,1,3,0,1,0,1,0,0
457,7,0.8,0.52,-21,2.0,2.6,0,0,1,0,0,0,1,0
458,19,1.4,5.6,-34,0.6,1.1199999999999999,1,3,0,0,0,0,0,1
459,-34,0.6,1.1199999999999999,19,1.4,5.6,0,0,0,0,1,0,0,0
460,-13,1.0,2.0,-7,2.6,0.4,1,0,0,1,0,0,1,0
461,-7,2.6,0.4,-13,1.0,2.0,0,3,0,1,0,0,1,0
462,-1,0.4,0.8,-4,1.4,0.16,1,1,0,1,0,0,1,0
463,-4,1.4,0.16,-1,0.4,0.8,0,1,0,1,0,0,1,0
464,-18,0.8,0.8,-9,0.8,0.16,1,3,0,0,1,0,1,0
465,-9,0.8,0.16,-18,0.8,0.8,0,0,0,1,0,0,0,1
466,-3,0.4,0.8,-11,1.6,0.16,1,1,0,1,0,0,1,0
467,-11,1.6,0.16,-3,0.4,0.8,0,1,0,1,0,0,1,0
468,23,2.2,7.2,54,3.0,1.44,1,3,0,0,0,0,0,0
469,54,3.0,1.44,23,2.2,7.2,0,0,0,0,0,0,0,0
470,30,2.0,7.2,-24,2.0,1.44,1,3,1,0,0,0,1,0
471,-24,2.0,1.44,30,2.0,7.2,0,0,0,1,0,1,0,0
472,8,1.4,4.0,-2,0.4,0.8,1,3,1,0,0,0,1,0
473,-2,0.4,0.8,8,1.4,4.0,0,0,0,1,0,1,0,0
474,-4,2.6,5.2,2,1.4,1.04,1,3,0,1,0,0,1,0
475,2,1.4,1.04,-4,2.6,5.2,0,0,0,1,0,0,1,0
476,-3,1.4,2.8,1,0.6,0.5599999999999999,1,3,0,1,0,1,0,0
477,1,0.6,0.5599999999999999,-3,1.4,2.8,0,0,1,0,0,0,1,0
478,-17,0.4,0.8,-17,1.4,0.16,1,0,0,0,1,0,0,1
479,-17,1.4,0.16,-17,0.4,0.8,0,3,0,0,1,0,0,1
480,-10,0.2,0.4,20,1.4,0.08,1,0,0,1,0,0,0,0
481,20,1.4,0.08,-10,0.2,0.4,0,3,0,0,0,0,1,0
482,-36,0.6,0.6,-1,1.0,0.12,1,0,0,0,1,0,1,0
483,-1,1.0,0.12,-36,0.6,0.6,0,3,0,1,0,0,0,1
484,-12,1.6,3.2,-12,1.6,0.64,1,0,0,1,0,0,1,0
485,-12,1.6,0.64,-12,1.6,3.2,0,3,0,1,0,0,1,0
486,-2,0.4,0.8,-4,2.6,0.16,1,1,0,1,0,0,1,0
487,-4,2.6,0.16,-2,0.4,0.8,0,1,0,1,0,0,1,0
488,7,1.4,4.0,-2,1.4,0.8,1,0,0,1,0,0,1,0
489,-2,1.4,0.8,7,1.4,4.0,0,3,0,1,0,0,1,0
490,5,2.0,4.0,-15,1.4,0.8,1,3,0,1,0,0,1,0
491,-15,1.4,0.8,5,2.0,4.0,0,0,0,1,0,0,1,0
492,-23,2.0,3.2,23,2.0,0.64,1,3,0,1,0,0,0,0
493,23,2.0,0.64,-23,2.0,3.2,0,0,0,0,0,0,1,0
494,21,1.8,7.2,-2,1.0,1.44,1,3,0,0,0,0,1,0
495,-2,1.0,1.44,21,1.8,7.2,0,0,0,1,0,0,0,0
496,-11,1.6,3.8,-11,0.0,0.0,1,3,1,0,0,0,1,0
497,-11,0.0,0.0,-11,1.6,3.8,0,0,0,1,0,1,0,0
498,56,2.4,9.6,27,1.4,1.92,1,3,0,0,0,1,0,0
499,27,1.4,1.92,56,2.4,9.6,0,0,1,0,0,0,0,0
500,3,1.2,3.6,-19,0.2,0.72,1,3,1,0,0,0,0,1
501,-19,0.2,0.72,3,1.2,3.6,0,0,0,0,1,1,0,0
502,-16,2.0,2.0,-37,0.6,0.4,1,3,0,0,1,0,0,1
503,-37,0.6,0.4,-16,2.0,2.0,0,0,0,0,1,0,0,1
504,23,2.0,7.2,-2,1.4,1.44,1,3,0,0,0,0,1,0
505,-2,1.4,1.44,23,2.0,7.2,0,0,0,1,0,0,0,0
506,29,2.0,6.6,-4,0.6,1.3199999999999998,1,3,1,0,0,0,1,0
507,-4,0.6,1.3199999999999998,29,2.0,6.6,0,0,0,1,0,1,0,0
508,-18,0.8,1.0,6,1.2,0.2,1,3,0,0,1,0,1,0
509,6,1.2,0.2,-18,0.8,1.0,0,0,0,1,0,0,0,1
510,-10,0.6,1.2,2,0.6,0.24,1,3,0,1,0,1,0,0
511,2,0.6,0.24,-10,0.6,1.2,0,0,1,0,0,0,1,0
512,25,2.4,9.6,-15,1.4,1.92,1,3,0,0,0,1,0,0
513,-15,1.4,1.92,25,2.4,9.6,0,0,1,0,0,0,0,0
514,-12,1.4,2.8,-19,1.8,0.5599999999999999,1,3,0,1,0,0,0,1
515,-19,1.8,0.5599999999999999,-12,1.4,2.8,0,0,0,0,1,0,1,0
516,-2,1.0,2.0,56,2.0,0.4,1,1,0,1,0,0,0,0
517,56,2.0,0.4,-2,1.0,2.0,0,1,0,0,0,0,1,0
518,-3,2.6,5.2,-24,1.4,1.04,1,3,0,1,0,0,1,0
519,-24,1.4,1.04,-3,2.6,5.2,0,0,0,1,0,0,1,0
520,-36,0.6,0.6,4,1.4,0.12,1,3,0,0,1,0,1,0
521,4,1.4,0.12,-36,0.6,0.6,0,0,0,1,0,0,0,1
522,6,1.2,3.6,25,2.4,0.72,1,1,0,1,0,0,0,0
523,25,2.4,0.72,6,1.2,3.6,0,1,0,0,0,0,1,0
524,56,1.6,6.4,-10,0.8,1.28,1,1,0,0,0,0,1,0
525,-10,0.8,1.28,56,1.6,6.4,0,1,0,1,0,0,0,0
526,-2,1.0,2.0,-20,0.6,0.4,1,3,0,1,0,0,0,1
527,-20,0.6,0.4,-2,1.0,2.0,0,0,0,0,1,0,1,0
528,-21,1.8,1.8,-1,2.6,0.36,1,0,0,0,1,0,1,0
529,-1,2.6,0.36,-21,1.8,1.8,0,3,0,1,0,0,0,1
530,-25,1.2,2.4,-35,1.2,0.48,1,0,0,1,0,0,0,1
531,-35,1.2,0.48,-25,1.2,2.4,0,3,0,0,1,0,1,0
532,3,1.2,3.6,-13,0.8,0.72,1,3,1,0,0,0,1,0
533,-13,0.8,0.72,3,1.2,3.6,0,0,0,1,0,1,0,0
534,-5,1.4,2.8,30,2.0,0.5599999999999999,1,0,0,1,0,0,0,0
535,30,2.0,0.5599999999999999,-5,1.4,2.8,0,3,0,0,0,0,1,0
536,-14,1.8,4.8,-3,1.0,0.96,1,3,1,0,0,0,1,0
537,-3,1.0,0.96,-14,1.8,4.8,0,0,0,1,0,1,0,0
538,4,1.0,2.0,25,2.6,0.4,1,1,0,1,0,0,0,0
539,25,2.6,0.4,4,1.0,2.0,0,1,0,0,0,0,1,0
540,-3,1.0,2.0,4,1.0,0.4,1,0,0,1,0,0,1,0
541,4,1.0,0.4,-3,1.0,2.0,0,3,0,1,0,0,1,0
542,30,2.0,6.6,6,1.0,1.3199999999999998,1,1,1,0,0,0,1,0
543,6,1.0,1.3199999999999998,30,2.0,6.6,0,1,0,1,0,1,0,0
544,-11,0.8,1.6,-4,1.8,0.32,1,0,0,1,0,0,1,0
545,-4,1.8,0.32,-11,0.8,1.6,0,3,0,1,0,0,1,0
546,25,2.2,8.8,-21,1.4,1.7600000000000002,1,1,0,0,0,0,0,1
547,-21,1.4,1.7600000000000002,25,2.2,8.8,0,1,0,0,1,0,0,0
548,-32,1.8,1.8,-17,1.8,0.36,1,3,0,0,1,0,1,0
549,-17,1.8,0.36,-32,1.8,1.8,0,0,0,1,0,0,0,1
550,1,2.6,5.8,1,1.2,1.16,1,3,1,0,0,1,0,0
551,1,1.2,1.16,1,2.6,5.8,0,0,1,0,0,1,0,0
552,-19,0.6,1.2,62,1.6,0.24,1,0,0,1,0,0,0,0
553,62,1.6,0.24,-19,0.6,1.2,0,3,0,0,0,0,1,0
554,-16,1.2,1.8,-29,0.6,0.36,1,3,0,1,0,0,0,1
555,-29,0.6,0.36,-16,1.2,1.8,0,0,0,0,1,0,1,0
556,26,2.0,7.8,-3,0.8,1.56,1,3,0,0,0,0,1,0
557,-3,0.8,1.56,26,2.0,7.8,0,0,0,1,0,0,0,0
558,6,1.0,2.6,1,2.6,0.52,1,3,0,1,0,1,0,0
559,1,2.6,0.52,6,1.0,2.6,0,0,1,0,0,0,1,0
560,63,2.2,8.8,-33,1.8,1.7600000000000002,1,3,0,0,0,0,0,1
561,-33,1.8,1.7600000000000002,63,2.2,8.8,0,0,0,0,1,0,0,0
562,31,2.0,7.2,25,1.4,1.44,1,3,0,0,0,1,0,0
563,25,1.4,1.44,31,2.0,7.2,0,0,1,0,0,0,0,0
564,-4,1.4,2.8,-16,1.4,0.5599999999999999,1,1,0,1,0,0,1,0
565,-16,1.4,0.5599999999999999,-4,1.4,2.8,0,1,0,1,0,0,1,0
566,-5,0.8,1.6,-17,1.2,0.32,1,0,0,1,0,0,1,0
567,-17,1.2,0.32,-5,0.8,1.6,0,3,0,1,0,0,1,0
568,-21,1.0,1.0,-6,0.4,0.2,1,1,0,0,1,0,1,0
569,-6,0.4,0.2,-21,1.0,1.0,0,1,0,1,0,0,0,1
570,-2,1.2,3.6,28,2.2,0.72,1,0,1,0,0,0,0,0
571,28,2.2,0.72,-2,1.2,3.6,0,3,0,0,0,1,0,0
572,-29,0.8,1.4,-11,1.0,0.27999999999999997,1,1,0,0,1,0,1,0
573,-11,1.0,0.27999999999999997,-29,0.8,1.4,0,1,0,1,0,0,0,1
574,-15,1.8,5.4,5,1.4,1.08,1,3,1,0,0,0,1,0
575,5,1.4,1.08,-15,1.8,5.4,0,0,0,1,0,1,0,0
576,-6,0.4,0.8,7,1.0,0.16,1,1,0,1,0,0,1,0
577,7,1.0,0.16,-6,0.4,0.8,0,1,0,1,0,0,1,0
578,-16,1.6,2.6,31,2.2,0.52,1,1,0,1,0,0,0,0
579,31,2.2,0.52,-16,1.6,2.6,0,1,0,0,0,0,1,0
580,5,1.0,2.0,-29,0.4,0.4,1,1,0,1,0,0,0,1
581,-29,0.4,0.4,5,1.0,2.0,0,1,0,0,1,0,1,0
582,-9,1.6,3.2,-7,0.6,0.64,1,3,0,1,0,0,1,0
583,-7,0.6,0.64,-9,1.6,3.2,0,0,0,1,0,0,1,0
584,27,1.6,6.4,64,2.2,1.28,1,0,0,0,0,0,0,0
585,64,2.2,1.28,27,1.6,6.4,0,3,0,0,0,0,0,0
586,-15,1.4,4.2,-21,0.6,0.8400000000000001,1,1,1,0,0,0,0,1
587,-21,0.6,0.8400000000000001,-15,1.4,4.2,0,1,0,0,1,1,0,0
588,-35,1.8,1.8,0,1.2,0.36,1,0,0,0,1,1,0,0
589,0,1.2,0.36,-35,1.8,1.8,0,3,1,0,0,0,0,1
590,-17,1.4,2.8,-4,1.0,0.5599999999999999,1,1,0,1,0,0,1,0
591,-4,1.0,0.5599999999999999,-17,1.4,2.8,0,1,0,1,0,0,1,0
592,-2,1.8,4.2,27,2.0,0.8400000000000001,1,0,0,1,0,1,0,0
593,27,2.0,0.8400000000000001,-2,1.8,4.2,0,3,1,0,0,0,1,0
594,27,2.0,7.2,-16,1.6,1.44,1,1,1,0,0,0,1,0
595,-16,1.6,1.44,27,2.0,7.2,0,1,0,1,0,1,0,0
596,67,2.6,10.4,-18,1.4,2.08,1,3,0,0,0,0,1,0
597,-18,1.4,2.08,67,2.6,10.4,0,0,0,1,0,0,0,0
598,32,2.2,8.6,-3,1.2,1.72,1,3,0,0,0,0,1,0
599,-3,1.2,1.72,32,2.2,8.6,0,0,0,1,0,0,0,0
600,-4,1.2,2.4,-35,1.4,0.48,1,1,0,1,0,0,0,1
601,-35,1.4,0.48,-4,1.2,2.4,0,1,0,0,1,0,1,0
602,-7,0.8,1.6,27,1.2,0.32,1,1,0,1,0,0,0,0
603,27,1.2,0.32,-7,0.8,1.6,0,1,0,0,0,0,1,0
604,-21,0.8,0.8,5,1.2,0.16,1,1,0,0,1,0,1,0
605,5,1.2,0.16,-21,0.8,0.8,0,1,0,1,0,0,0,1
606,9,1.8,4.2,-11,1.0,0.8400000000000001,1,3,1,0,0,0,1,0
607,-11,1.0,0.8400000000000001,9,1.8,4.2,0,0,0,1,0,1,0,0
608,-28,1.0,1.6,-18,0.8,0.32,1,3,0,1,0,0,0,1
609,-18,0.8,0.32,-28,1.0,1.6,0,0,0,0,1,0,1,0
610,-4,1.2,3.6,-2,1.0,0.72,1,0,1,0,0,0,1,0
611,-2,1.0,0.72,-4,1.2,3.6,0,3,0,1,0,1,0,0
